ID,Age,Category,Day,gender,tripduration
0,1930 - 1934,0,01,0,0.0
1,1930 - 1934,0,01,1,0.0
2,1930 - 1934,0,01,2,587.25
3,1930 - 1934,0,02,0,0.0
4,1930 - 1934,0,02,1,0.0
5,1930 - 1934,0,02,2,256.0
6,1930 - 1934,0,03,0,430.0
7,1930 - 1934,0,03,1,625.0
8,1930 - 1934,0,03,2,810.0
9,1930 - 1934,0,04,0,0.0
10,1930 - 1934,0,04,1,0.0
11,1930 - 1934,0,04,2,817.6
12,1930 - 1934,0,05,0,0.0
13,1930 - 1934,0,05,1,0.0
14,1930 - 1934,0,05,2,639.0
15,1930 - 1934,0,06,0,0.0
16,1930 - 1934,0,06,1,696.0
17,1930 - 1934,0,06,2,651.9
18,1930 - 1934,0,07,0,0.0
19,1930 - 1934,0,07,1,0.0
20,1930 - 1934,0,07,2,296.0
21,1930 - 1934,0,08,0,470.0
22,1930 - 1934,0,08,1,0.0
23,1930 - 1934,0,08,2,897.8
24,1930 - 1934,0,09,0,722.0
25,1930 - 1934,0,09,1,0.0
26,1930 - 1934,0,09,2,0.0
27,1930 - 1934,0,10,0,0.0
28,1930 - 1934,0,10,1,0.0
29,1930 - 1934,0,10,2,784.0
30,1930 - 1934,0,11,0,0.0
31,1930 - 1934,0,11,1,0.0
32,1930 - 1934,0,11,2,716.4
33,1930 - 1934,0,12,0,444.0
34,1930 - 1934,0,12,1,0.0
35,1930 - 1934,0,12,2,571.0
36,1930 - 1934,0,13,0,0.0
37,1930 - 1934,0,13,1,0.0
38,1930 - 1934,0,13,2,661.285714286
39,1930 - 1934,0,14,0,0.0
40,1930 - 1934,0,14,1,0.0
41,1930 - 1934,0,14,2,517.181818182
42,1930 - 1934,0,15,0,0.0
43,1930 - 1934,0,15,1,0.0
44,1930 - 1934,0,15,2,341.5
45,1930 - 1934,0,16,0,0.0
46,1930 - 1934,0,16,1,0.0
47,1930 - 1934,0,16,2,583.75
48,1930 - 1934,0,17,0,0.0
49,1930 - 1934,0,17,1,0.0
50,1930 - 1934,0,17,2,646.5
51,1930 - 1934,0,18,0,0.0
52,1930 - 1934,0,18,1,0.0
53,1930 - 1934,0,18,2,439.333333333
54,1930 - 1934,0,19,0,0.0
55,1930 - 1934,0,19,1,0.0
56,1930 - 1934,0,19,2,447.666666667
57,1930 - 1934,0,20,0,0.0
58,1930 - 1934,0,20,1,0.0
59,1930 - 1934,0,20,2,622.857142857
60,1930 - 1934,0,21,0,0.0
61,1930 - 1934,0,21,1,0.0
62,1930 - 1934,0,21,2,434.5
63,1930 - 1934,0,22,0,0.0
64,1930 - 1934,0,22,1,0.0
65,1930 - 1934,0,22,2,0.0
66,1930 - 1934,0,23,0,0.0
67,1930 - 1934,0,23,1,157.0
68,1930 - 1934,0,23,2,648.666666667
69,1930 - 1934,0,24,0,0.0
70,1930 - 1934,0,24,1,0.0
71,1930 - 1934,0,24,2,665.25
72,1930 - 1934,0,25,0,0.0
73,1930 - 1934,0,25,1,0.0
74,1930 - 1934,0,25,2,615.0
75,1930 - 1934,0,26,0,0.0
76,1930 - 1934,0,26,1,0.0
77,1930 - 1934,0,26,2,554.875
78,1930 - 1934,0,27,0,0.0
79,1930 - 1934,0,27,1,0.0
80,1930 - 1934,0,27,2,518.25
81,1930 - 1934,0,28,0,0.0
82,1930 - 1934,0,28,1,1049.33333333
83,1930 - 1934,0,28,2,628.833333333
84,1930 - 1934,0,29,0,0.0
85,1930 - 1934,0,29,1,0.0
86,1930 - 1934,0,29,2,216.5
87,1930 - 1934,0,30,0,0.0
88,1930 - 1934,0,30,1,0.0
89,1930 - 1934,0,30,2,0.0
90,1930 - 1934,0,31,0,1069.0
91,1930 - 1934,0,31,1,0.0
92,1930 - 1934,0,31,2,287.6
93,1935 - 1939,1,01,0,705.0
94,1935 - 1939,1,01,1,522.857142857
95,1935 - 1939,1,01,2,564.25
96,1935 - 1939,1,02,0,0.0
97,1935 - 1939,1,02,1,855.0
98,1935 - 1939,1,02,2,0.0
99,1935 - 1939,1,03,0,0.0
100,1935 - 1939,1,03,1,279.0
101,1935 - 1939,1,03,2,971.0
102,1935 - 1939,1,04,0,893.0
103,1935 - 1939,1,04,1,596.75
104,1935 - 1939,1,04,2,719.5
105,1935 - 1939,1,05,0,442.25
106,1935 - 1939,1,05,1,565.785714286
107,1935 - 1939,1,05,2,355.166666667
108,1935 - 1939,1,06,0,394.0
109,1935 - 1939,1,06,1,976.117647059
110,1935 - 1939,1,06,2,679.25
111,1935 - 1939,1,07,0,0.0
112,1935 - 1939,1,07,1,690.333333333
113,1935 - 1939,1,07,2,848.0
114,1935 - 1939,1,08,0,213.0
115,1935 - 1939,1,08,1,858.071428571
116,1935 - 1939,1,08,2,806.714285714
117,1935 - 1939,1,09,0,0.0
118,1935 - 1939,1,09,1,527.25
119,1935 - 1939,1,09,2,905.0
120,1935 - 1939,1,10,0,0.0
121,1935 - 1939,1,10,1,548.375
122,1935 - 1939,1,10,2,331.0
123,1935 - 1939,1,11,0,0.0
124,1935 - 1939,1,11,1,1033.14285714
125,1935 - 1939,1,11,2,445.666666667
126,1935 - 1939,1,12,0,171.0
127,1935 - 1939,1,12,1,559.933333333
128,1935 - 1939,1,12,2,628.5
129,1935 - 1939,1,13,0,230.0
130,1935 - 1939,1,13,1,493.785714286
131,1935 - 1939,1,13,2,1270.71428571
132,1935 - 1939,1,14,0,359.5
133,1935 - 1939,1,14,1,575.272727273
134,1935 - 1939,1,14,2,891.833333333
135,1935 - 1939,1,15,0,551.4
136,1935 - 1939,1,15,1,828.555555556
137,1935 - 1939,1,15,2,637.888888889
138,1935 - 1939,1,16,0,0.0
139,1935 - 1939,1,16,1,403.470588235
140,1935 - 1939,1,16,2,345.666666667
141,1935 - 1939,1,17,0,277.5
142,1935 - 1939,1,17,1,575.5
143,1935 - 1939,1,17,2,372.666666667
144,1935 - 1939,1,18,0,0.0
145,1935 - 1939,1,18,1,541.625
146,1935 - 1939,1,18,2,409.0
147,1935 - 1939,1,19,0,480.75
148,1935 - 1939,1,19,1,387.0
149,1935 - 1939,1,19,2,967.5
150,1935 - 1939,1,20,0,357.333333333
151,1935 - 1939,1,20,1,827.25
152,1935 - 1939,1,20,2,237.0
153,1935 - 1939,1,21,0,0.0
154,1935 - 1939,1,21,1,0.0
155,1935 - 1939,1,21,2,0.0
156,1935 - 1939,1,22,0,285.0
157,1935 - 1939,1,22,1,513.615384615
158,1935 - 1939,1,22,2,1586.66666667
159,1935 - 1939,1,23,0,798.0
160,1935 - 1939,1,23,1,650.4
161,1935 - 1939,1,23,2,1532.5
162,1935 - 1939,1,24,0,0.0
163,1935 - 1939,1,24,1,752.142857143
164,1935 - 1939,1,24,2,792.5
165,1935 - 1939,1,25,0,0.0
166,1935 - 1939,1,25,1,477.666666667
167,1935 - 1939,1,25,2,625.5
168,1935 - 1939,1,26,0,960.5
169,1935 - 1939,1,26,1,748.5
170,1935 - 1939,1,26,2,1369.42857143
171,1935 - 1939,1,27,0,167.0
172,1935 - 1939,1,27,1,1107.72222222
173,1935 - 1939,1,27,2,542.0
174,1935 - 1939,1,28,0,0.0
175,1935 - 1939,1,28,1,959.923076923
176,1935 - 1939,1,28,2,552.666666667
177,1935 - 1939,1,29,0,395.333333333
178,1935 - 1939,1,29,1,678.857142857
179,1935 - 1939,1,29,2,753.25
180,1935 - 1939,1,30,0,213.0
181,1935 - 1939,1,30,1,644.666666667
182,1935 - 1939,1,30,2,756.2
183,1935 - 1939,1,31,0,401.0
184,1935 - 1939,1,31,1,700.8
185,1935 - 1939,1,31,2,710.0
186,1940 - 1944,2,01,0,1814.0
187,1940 - 1944,2,01,1,705.319148936
188,1940 - 1944,2,01,2,860.722222222
189,1940 - 1944,2,02,0,200.0
190,1940 - 1944,2,02,1,398.875
191,1940 - 1944,2,02,2,0.0
192,1940 - 1944,2,03,0,823.5
193,1940 - 1944,2,03,1,672.021276596
194,1940 - 1944,2,03,2,782.043478261
195,1940 - 1944,2,04,0,0.0
196,1940 - 1944,2,04,1,652.464285714
197,1940 - 1944,2,04,2,755.727272727
198,1940 - 1944,2,05,0,198.0
199,1940 - 1944,2,05,1,734.627906977
200,1940 - 1944,2,05,2,833.0
201,1940 - 1944,2,06,0,256.5
202,1940 - 1944,2,06,1,710.412371134
203,1940 - 1944,2,06,2,796.965517241
204,1940 - 1944,2,07,0,295.0
205,1940 - 1944,2,07,1,468.176470588
206,1940 - 1944,2,07,2,509.4
207,1940 - 1944,2,08,0,196.333333333
208,1940 - 1944,2,08,1,761.0
209,1940 - 1944,2,08,2,787.785714286
210,1940 - 1944,2,09,0,298.75
211,1940 - 1944,2,09,1,811.920634921
212,1940 - 1944,2,09,2,946.774193548
213,1940 - 1944,2,10,0,191.0
214,1940 - 1944,2,10,1,564.125
215,1940 - 1944,2,10,2,517.869565217
216,1940 - 1944,2,11,0,0.0
217,1940 - 1944,2,11,1,754.38028169
218,1940 - 1944,2,11,2,636.192307692
219,1940 - 1944,2,12,0,1359.5
220,1940 - 1944,2,12,1,670.323943662
221,1940 - 1944,2,12,2,895.192307692
222,1940 - 1944,2,13,0,187.0
223,1940 - 1944,2,13,1,553.285714286
224,1940 - 1944,2,13,2,544.666666667
225,1940 - 1944,2,14,0,1265.5
226,1940 - 1944,2,14,1,569.376811594
227,1940 - 1944,2,14,2,748.916666667
228,1940 - 1944,2,15,0,1904.0
229,1940 - 1944,2,15,1,677.493670886
230,1940 - 1944,2,15,2,740.0625
231,1940 - 1944,2,16,0,0.0
232,1940 - 1944,2,16,1,644.738461538
233,1940 - 1944,2,16,2,551.24
234,1940 - 1944,2,17,0,495.0
235,1940 - 1944,2,17,1,1062.02083333
236,1940 - 1944,2,17,2,514.555555556
237,1940 - 1944,2,18,0,356.0
238,1940 - 1944,2,18,1,655.25
239,1940 - 1944,2,18,2,606.6
240,1940 - 1944,2,19,0,1198.5
241,1940 - 1944,2,19,1,606.413793103
242,1940 - 1944,2,19,2,764.72
243,1940 - 1944,2,20,0,198.0
244,1940 - 1944,2,20,1,590.19047619
245,1940 - 1944,2,20,2,676.578947368
246,1940 - 1944,2,21,0,0.0
247,1940 - 1944,2,21,1,252.0
248,1940 - 1944,2,21,2,0.0
249,1940 - 1944,2,22,0,178.0
250,1940 - 1944,2,22,1,562.720588235
251,1940 - 1944,2,22,2,751.444444444
252,1940 - 1944,2,23,0,350.0
253,1940 - 1944,2,23,1,656.681818182
254,1940 - 1944,2,23,2,798.375
255,1940 - 1944,2,24,0,221.0
256,1940 - 1944,2,24,1,621.797468354
257,1940 - 1944,2,24,2,619.272727273
258,1940 - 1944,2,25,0,0.0
259,1940 - 1944,2,25,1,666.409836066
260,1940 - 1944,2,25,2,611.272727273
261,1940 - 1944,2,26,0,212.0
262,1940 - 1944,2,26,1,622.552941176
263,1940 - 1944,2,26,2,665.952380952
264,1940 - 1944,2,27,0,0.0
265,1940 - 1944,2,27,1,675.309859155
266,1940 - 1944,2,27,2,756.2
267,1940 - 1944,2,28,0,1107.0
268,1940 - 1944,2,28,1,765.409638554
269,1940 - 1944,2,28,2,1109.25
270,1940 - 1944,2,29,0,185.0
271,1940 - 1944,2,29,1,609.269565217
272,1940 - 1944,2,29,2,836.80952381
273,1940 - 1944,2,30,0,0.0
274,1940 - 1944,2,30,1,1522.5125
275,1940 - 1944,2,30,2,738.814814815
276,1940 - 1944,2,31,0,507.0
277,1940 - 1944,2,31,1,649.7125
278,1940 - 1944,2,31,2,560.8125
279,1945 - 1949,3,01,0,546.5
280,1945 - 1949,3,01,1,674.887719298
281,1945 - 1949,3,01,2,617.483870968
282,1945 - 1949,3,02,0,375.5
283,1945 - 1949,3,02,1,710.294117647
284,1945 - 1949,3,02,2,836.666666667
285,1945 - 1949,3,03,0,355.75
286,1945 - 1949,3,03,1,737.456140351
287,1945 - 1949,3,03,2,700.540540541
288,1945 - 1949,3,04,0,365.0
289,1945 - 1949,3,04,1,780.592814371
290,1945 - 1949,3,04,2,740.151515152
291,1945 - 1949,3,05,0,326.25
292,1945 - 1949,3,05,1,645.340248963
293,1945 - 1949,3,05,2,896.175438596
294,1945 - 1949,3,06,0,373.0
295,1945 - 1949,3,06,1,740.126865672
296,1945 - 1949,3,06,2,775.926470588
297,1945 - 1949,3,07,0,0.0
298,1945 - 1949,3,07,1,633.926829268
299,1945 - 1949,3,07,2,602.933333333
300,1945 - 1949,3,08,0,615.0
301,1945 - 1949,3,08,1,633.848837209
302,1945 - 1949,3,08,2,506.875
303,1945 - 1949,3,09,0,905.666666667
304,1945 - 1949,3,09,1,767.43
305,1945 - 1949,3,09,2,665.413793103
306,1945 - 1949,3,10,0,991.0
307,1945 - 1949,3,10,1,723.223140496
308,1945 - 1949,3,10,2,791.975609756
309,1945 - 1949,3,11,0,372.0
310,1945 - 1949,3,11,1,753.926380368
311,1945 - 1949,3,11,2,942.256410256
312,1945 - 1949,3,12,0,488.25
313,1945 - 1949,3,12,1,1145.80660377
314,1945 - 1949,3,12,2,697.142857143
315,1945 - 1949,3,13,0,400.0
316,1945 - 1949,3,13,1,644.6875
317,1945 - 1949,3,13,2,652.256410256
318,1945 - 1949,3,14,0,299.0
319,1945 - 1949,3,14,1,715.712820513
320,1945 - 1949,3,14,2,849.066666667
321,1945 - 1949,3,15,0,713.666666667
322,1945 - 1949,3,15,1,669.453658537
323,1945 - 1949,3,15,2,1012.67241379
324,1945 - 1949,3,16,0,191.0
325,1945 - 1949,3,16,1,738.825806452
326,1945 - 1949,3,16,2,598.288888889
327,1945 - 1949,3,17,0,0.0
328,1945 - 1949,3,17,1,790.324675325
329,1945 - 1949,3,17,2,928.0
330,1945 - 1949,3,18,0,0.0
331,1945 - 1949,3,18,1,795.25
332,1945 - 1949,3,18,2,1044.14705882
333,1945 - 1949,3,19,0,403.333333333
334,1945 - 1949,3,19,1,1535.37651822
335,1945 - 1949,3,19,2,782.588235294
336,1945 - 1949,3,20,0,553.0
337,1945 - 1949,3,20,1,708.145539906
338,1945 - 1949,3,20,2,862.457142857
339,1945 - 1949,3,21,0,0.0
340,1945 - 1949,3,21,1,716.16
341,1945 - 1949,3,21,2,367.8
342,1945 - 1949,3,22,0,629.75
343,1945 - 1949,3,22,1,701.754491018
344,1945 - 1949,3,22,2,753.322580645
345,1945 - 1949,3,23,0,280.0
346,1945 - 1949,3,23,1,734.134529148
347,1945 - 1949,3,23,2,897.45
348,1945 - 1949,3,24,0,1073.0
349,1945 - 1949,3,24,1,812.547263682
350,1945 - 1949,3,24,2,744.720930233
351,1945 - 1949,3,25,0,545.666666667
352,1945 - 1949,3,25,1,704.285714286
353,1945 - 1949,3,25,2,732.692307692
354,1945 - 1949,3,26,0,722.2
355,1945 - 1949,3,26,1,745.671875
356,1945 - 1949,3,26,2,949.090909091
357,1945 - 1949,3,27,0,382.0
358,1945 - 1949,3,27,1,728.688073394
359,1945 - 1949,3,27,2,1258.62162162
360,1945 - 1949,3,28,0,1132.0
361,1945 - 1949,3,28,1,683.87732342
362,1945 - 1949,3,28,2,842.237288136
363,1945 - 1949,3,29,0,0.0
364,1945 - 1949,3,29,1,736.756521739
365,1945 - 1949,3,29,2,661.769230769
366,1945 - 1949,3,30,0,0.0
367,1945 - 1949,3,30,1,740.546391753
368,1945 - 1949,3,30,2,771.354166667
369,1945 - 1949,3,31,0,0.0
370,1945 - 1949,3,31,1,865.786127168
371,1945 - 1949,3,31,2,907.657894737
372,1950 - 1954,4,01,0,644.0
373,1950 - 1954,4,01,1,772.556338028
374,1950 - 1954,4,01,2,814.451282051
375,1950 - 1954,4,02,0,0.0
376,1950 - 1954,4,02,1,592.129411765
377,1950 - 1954,4,02,2,864.72727273
378,1950 - 1954,4,03,0,0.0
379,1950 - 1954,4,03,1,2191.18899522
380,1950 - 1954,4,03,2,759.7890625
381,1950 - 1954,4,04,0,0.0
382,1950 - 1954,4,04,1,775.068965517
383,1950 - 1954,4,04,2,711.879120879
384,1950 - 1954,4,05,0,127.0
385,1950 - 1954,4,05,1,703.175767918
386,1950 - 1954,4,05,2,668.357575758
387,1950 - 1954,4,06,0,795.333333333
388,1950 - 1954,4,06,1,711.44015444
389,1950 - 1954,4,06,2,728.418848168
390,1950 - 1954,4,07,0,0.0
391,1950 - 1954,4,07,1,755.992248062
392,1950 - 1954,4,07,2,654.115384615
393,1950 - 1954,4,08,0,339.0
394,1950 - 1954,4,08,1,715.737739872
395,1950 - 1954,4,08,2,701.712871287
396,1950 - 1954,4,09,0,755.0
397,1950 - 1954,4,09,1,882.710431655
398,1950 - 1954,4,09,2,747.784172662
399,1950 - 1954,4,10,0,0.0
400,1950 - 1954,4,10,1,697.965968586
401,1950 - 1954,4,10,2,735.527131783
402,1950 - 1954,4,11,0,0.0
403,1950 - 1954,4,11,1,806.856435644
404,1950 - 1954,4,11,2,810.037593985
405,1950 - 1954,4,12,0,0.0
406,1950 - 1954,4,12,1,822.257001647
407,1950 - 1954,4,12,2,706.765100671
408,1950 - 1954,4,13,0,744.25
409,1950 - 1954,4,13,1,874.373096447
410,1950 - 1954,4,13,2,659.609756098
411,1950 - 1954,4,14,0,0.0
412,1950 - 1954,4,14,1,678.791530945
413,1950 - 1954,4,14,2,701.277108434
414,1950 - 1954,4,15,0,728.0
415,1950 - 1954,4,15,1,707.584126984
416,1950 - 1954,4,15,2,818.072289157
417,1950 - 1954,4,16,0,711.0
418,1950 - 1954,4,16,1,672.345360825
419,1950 - 1954,4,16,2,670.4296875
420,1950 - 1954,4,17,0,0.0
421,1950 - 1954,4,17,1,785.686893204
422,1950 - 1954,4,17,2,665.633136095
423,1950 - 1954,4,18,0,0.0
424,1950 - 1954,4,18,1,708.990074442
425,1950 - 1954,4,18,2,661.780952381
426,1950 - 1954,4,19,0,0.0
427,1950 - 1954,4,19,1,722.826356589
428,1950 - 1954,4,19,2,780.130718954
429,1950 - 1954,4,20,0,320.5
430,1950 - 1954,4,20,1,672.780757098
431,1950 - 1954,4,20,2,763.140740741
432,1950 - 1954,4,21,0,0.0
433,1950 - 1954,4,21,1,721.107692308
434,1950 - 1954,4,21,2,658.6
435,1950 - 1954,4,22,0,0.0
436,1950 - 1954,4,22,1,723.128479657
437,1950 - 1954,4,22,2,736.714285714
438,1950 - 1954,4,23,0,933.0
439,1950 - 1954,4,23,1,833.781155015
440,1950 - 1954,4,23,2,648.132183908
441,1950 - 1954,4,24,0,309.0
442,1950 - 1954,4,24,1,743.551515152
443,1950 - 1954,4,24,2,849.798742138
444,1950 - 1954,4,25,0,0.0
445,1950 - 1954,4,25,1,716.517647059
446,1950 - 1954,4,25,2,665.746153846
447,1950 - 1954,4,26,0,0.0
448,1950 - 1954,4,26,1,731.175695461
449,1950 - 1954,4,26,2,762.596685083
450,1950 - 1954,4,27,0,0.0
451,1950 - 1954,4,27,1,733.146627566
452,1950 - 1954,4,27,2,698.296511628
453,1950 - 1954,4,28,0,0.0
454,1950 - 1954,4,28,1,736.552556818
455,1950 - 1954,4,28,2,745.142076503
456,1950 - 1954,4,29,0,329.0
457,1950 - 1954,4,29,1,724.67807154
458,1950 - 1954,4,29,2,699.027777778
459,1950 - 1954,4,30,0,2173.33333333
460,1950 - 1954,4,30,1,697.743772242
461,1950 - 1954,4,30,2,738.276422764
462,1950 - 1954,4,31,0,700.333333333
463,1950 - 1954,4,31,1,840.519379845
464,1950 - 1954,4,31,2,872.922155689
465,1955 - 1959,5,01,0,799.2
466,1955 - 1959,5,01,1,1118.35696361
467,1955 - 1959,5,01,2,850.573875803
468,1955 - 1959,5,02,0,395.0
469,1955 - 1959,5,02,1,820.709803922
470,1955 - 1959,5,02,2,715.634615385
471,1955 - 1959,5,03,0,263.0
472,1955 - 1959,5,03,1,708.187427241
473,1955 - 1959,5,03,2,729.633093525
474,1955 - 1959,5,04,0,719.5
475,1955 - 1959,5,04,1,663.77689243
476,1955 - 1959,5,04,2,666.140425532
477,1955 - 1959,5,05,0,566.333333333
478,1955 - 1959,5,05,1,664.607799853
479,1955 - 1959,5,05,2,755.392370572
480,1955 - 1959,5,06,0,452.0
481,1955 - 1959,5,06,1,702.760207388
482,1955 - 1959,5,06,2,756.146608315
483,1955 - 1959,5,07,0,396.0
484,1955 - 1959,5,07,1,656.740963855
485,1955 - 1959,5,07,2,712.048780488
486,1955 - 1959,5,08,0,615.5
487,1955 - 1959,5,08,1,711.043607532
488,1955 - 1959,5,08,2,674.860215054
489,1955 - 1959,5,09,0,350.0
490,1955 - 1959,5,09,1,710.752969121
491,1955 - 1959,5,09,2,766.010810811
492,1955 - 1959,5,10,0,1156.0
493,1955 - 1959,5,10,1,699.947435897
494,1955 - 1959,5,10,2,669.064724919
495,1955 - 1959,5,11,0,289.0
496,1955 - 1959,5,11,1,727.679782904
497,1955 - 1959,5,11,2,840.190311419
498,1955 - 1959,5,12,0,765.333333333
499,1955 - 1959,5,12,1,758.344632768
500,1955 - 1959,5,12,2,761.985673352
501,1955 - 1959,5,13,0,915.5
502,1955 - 1959,5,13,1,662.924593968
503,1955 - 1959,5,13,2,756.219178082
504,1955 - 1959,5,14,0,738.285714286
505,1955 - 1959,5,14,1,666.571964018
506,1955 - 1959,5,14,2,751.923076923
507,1955 - 1959,5,15,0,914.428571429
508,1955 - 1959,5,15,1,698.949035813
509,1955 - 1959,5,15,2,782.104545455
510,1955 - 1959,5,16,0,1261.5
511,1955 - 1959,5,16,1,683.219135802
512,1955 - 1959,5,16,2,1594.85630499
513,1955 - 1959,5,17,0,385.0
514,1955 - 1959,5,17,1,744.691756272
515,1955 - 1959,5,17,2,799.409090909
516,1955 - 1959,5,18,0,526.5
517,1955 - 1959,5,18,1,662.041939712
518,1955 - 1959,5,18,2,774.148305085
519,1955 - 1959,5,19,0,643.272727273
520,1955 - 1959,5,19,1,1325.7913299
521,1955 - 1959,5,19,2,804.434889435
522,1955 - 1959,5,20,0,895.333333333
523,1955 - 1959,5,20,1,664.97640118
524,1955 - 1959,5,20,2,1129.72705314
525,1955 - 1959,5,21,0,0.0
526,1955 - 1959,5,21,1,629.497777778
527,1955 - 1959,5,21,2,695.259259259
528,1955 - 1959,5,22,0,905.4
529,1955 - 1959,5,22,1,697.305120167
530,1955 - 1959,5,22,2,741.291814947
531,1955 - 1959,5,23,0,1029.25
532,1955 - 1959,5,23,1,735.284866469
533,1955 - 1959,5,23,2,832.139534884
534,1955 - 1959,5,24,0,0.0
535,1955 - 1959,5,24,1,766.4386149
536,1955 - 1959,5,24,2,925.119631902
537,1955 - 1959,5,25,0,1187.0
538,1955 - 1959,5,25,1,678.435797665
539,1955 - 1959,5,25,2,706.445736434
540,1955 - 1959,5,26,0,805.6
541,1955 - 1959,5,26,1,721.620812545
542,1955 - 1959,5,26,2,869.650537634
543,1955 - 1959,5,27,0,481.714285714
544,1955 - 1959,5,27,1,689.955599735
545,1955 - 1959,5,27,2,815.113839286
546,1955 - 1959,5,28,0,791.428571429
547,1955 - 1959,5,28,1,701.884464752
548,1955 - 1959,5,28,2,785.292191436
549,1955 - 1959,5,29,0,754.0
550,1955 - 1959,5,29,1,720.481641469
551,1955 - 1959,5,29,2,824.751269036
552,1955 - 1959,5,30,0,430.25
553,1955 - 1959,5,30,1,789.583106267
554,1955 - 1959,5,30,2,793.414239482
555,1955 - 1959,5,31,0,869.0
556,1955 - 1959,5,31,1,758.650130548
557,1955 - 1959,5,31,2,822.700471698
558,1960 - 1964,6,01,0,758.222222222
559,1960 - 1964,6,01,1,693.257661748
560,1960 - 1964,6,01,2,761.649513213
561,1960 - 1964,6,02,0,997.25
562,1960 - 1964,6,02,1,601.529550827
563,1960 - 1964,6,02,2,1346.075
564,1960 - 1964,6,03,0,0.0
565,1960 - 1964,6,03,1,664.412454212
566,1960 - 1964,6,03,2,690.975555556
567,1960 - 1964,6,04,0,635.6
568,1960 - 1964,6,04,1,623.987511151
569,1960 - 1964,6,04,2,646.671296296
570,1960 - 1964,6,05,0,651.166666667
571,1960 - 1964,6,05,1,644.854731231
572,1960 - 1964,6,05,2,709.192792793
573,1960 - 1964,6,06,0,478.666666667
574,1960 - 1964,6,06,1,672.665874901
575,1960 - 1964,6,06,2,770.3203125
576,1960 - 1964,6,07,0,0.0
577,1960 - 1964,6,07,1,701.108695652
578,1960 - 1964,6,07,2,652.466101695
579,1960 - 1964,6,08,0,473.857142857
580,1960 - 1964,6,08,1,690.8301994,123
581,1960 - 1964,6,08,2,722.089595376
582,1960 - 1964,6,09,0,512.5
583,1960 - 1964,6,09,1,671.706521739
584,1960 - 1964,6,09,2,792.801192843
585,1960 - 1964,6,10,0,1129.66666667
586,1960 - 1964,6,10,1,665.288510638
587,1960 - 1964,6,10,2,743.4345898
588,1960 - 1964,6,11,0,620.0
589,1960 - 1964,6,11,1,731.700539568
590,1960 - 1964,6,11,2,795.961620469
591,1960 - 1964,6,12,0,605.25
592,1960 - 1964,6,12,1,680.875680581
593,1960 - 1964,6,12,2,775.557627119
594,1960 - 1964,6,13,0,759.0
595,1960 - 1964,6,13,1,640.778916545
596,1960 - 1964,6,13,2,648.268370607
597,1960 - 1964,6,14,0,1336.75
598,1960 - 1964,6,14,1,675.880497132
599,1960 - 1964,6,14,2,712.12849162
600,1960 - 1964,6,15,0,436.0
601,1960 - 1964,6,15,1,710.756959788
602,1960 - 1964,6,15,2,691.985645933
603,1960 - 1964,6,16,0,820.5
604,1960 - 1964,6,16,1,672.510314342
605,1960 - 1964,6,16,2,717.543520309
606,1960 - 1964,6,17,0,201.0
607,1960 - 1964,6,17,1,681.097366321
608,1960 - 1964,6,17,2,791.735555556
609,1960 - 1964,6,18,0,662.0
610,1960 - 1964,6,18,1,650.861333333
611,1960 - 1964,6,18,2,1368.61734694
612,1960 - 1964,6,19,0,373.75
613,1960 - 1964,6,19,1,661.855885079
614,1960 - 1964,6,19,2,776.617647059
615,1960 - 1964,6,20,0,206.0
616,1960 - 1964,6,20,1,642.642962963
617,1960 - 1964,6,20,2,708.442495127
618,1960 - 1964,6,21,0,244.0
619,1960 - 1964,6,21,1,616.143884892
620,1960 - 1964,6,21,2,972.551724138
621,1960 - 1964,6,22,0,366.0
622,1960 - 1964,6,22,1,724.398368883
623,1960 - 1964,6,22,2,797.884057971
624,1960 - 1964,6,23,0,208.6
625,1960 - 1964,6,23,1,706.429931973
626,1960 - 1964,6,23,2,734.988074957
627,1960 - 1964,6,24,0,1646.4
628,1960 - 1964,6,24,1,738.238751814
629,1960 - 1964,6,24,2,794.473484848
630,1960 - 1964,6,25,0,1064.5
631,1960 - 1964,6,25,1,661.822627037
632,1960 - 1964,6,25,2,753.115
633,1960 - 1964,6,26,0,480.0
634,1960 - 1964,6,26,1,729.102003643
635,1960 - 1964,6,26,2,849.174067496
636,1960 - 1964,6,27,0,524.5
637,1960 - 1964,6,27,1,716.363714903
638,1960 - 1964,6,27,2,734.640909091
639,1960 - 1964,6,28,0,560.5
640,1960 - 1964,6,28,1,719.788230241
641,1960 - 1964,6,28,2,758.328257191
642,1960 - 1964,6,29,0,717.428571429
643,1960 - 1964,6,29,1,667.698449977
644,1960 - 1964,6,29,2,734.76481149
645,1960 - 1964,6,30,0,951.571428571
646,1960 - 1964,6,30,1,719.381959911
647,1960 - 1964,6,30,2,723.159509202
648,1960 - 1964,6,31,0,1990.0
649,1960 - 1964,6,31,1,718.423905944
650,1960 - 1964,6,31,2,849.234449761
651,1965 - 1969,7,01,0,728.363636364
652,1965 - 1969,7,01,1,675.757980456
653,1965 - 1969,7,01,2,797.733804476
654,1965 - 1969,7,02,0,513.666666667
655,1965 - 1969,7,02,1,586.951434879
656,1965 - 1969,7,02,2,566.959183673
657,1965 - 1969,7,03,0,727.181818182
658,1965 - 1969,7,03,1,686.067988669
659,1965 - 1969,7,03,2,692.905429072
660,1965 - 1969,7,04,0,864.0
661,1965 - 1969,7,04,1,653.643458301
662,1965 - 1969,7,04,2,1084.73359841
663,1965 - 1969,7,05,0,711.0
664,1965 - 1969,7,05,1,681.153963998
665,1965 - 1969,7,05,2,732.079545455
666,1965 - 1969,7,06,0,864.6
667,1965 - 1969,7,06,1,671.387151598
668,1965 - 1969,7,06,2,761.242528736
669,1965 - 1969,7,07,0,495.4
670,1965 - 1969,7,07,1,650.254019293
671,1965 - 1969,7,07,2,750.25
672,1965 - 1969,7,08,0,616.75
673,1965 - 1969,7,08,1,695.594187857
674,1965 - 1969,7,08,2,810.759541985
675,1965 - 1969,7,09,0,561.0
676,1965 - 1969,7,09,1,666.50373444
677,1965 - 1969,7,09,2,959.719178082
678,1965 - 1969,7,10,0,490.111111111
679,1965 - 1969,7,10,1,640.629602356
680,1965 - 1969,7,10,2,705.760714286
681,1965 - 1969,7,11,0,707.6
682,1965 - 1969,7,11,1,655.103268945
683,1965 - 1969,7,11,2,732.897727273
684,1965 - 1969,7,12,0,1160.2
685,1965 - 1969,7,12,1,660.54436265
686,1965 - 1969,7,12,2,752.370317003
687,1965 - 1969,7,13,0,845.3
688,1965 - 1969,7,13,1,639.6
689,1965 - 1969,7,13,2,678.109619687
690,1965 - 1969,7,14,0,881.909090909
691,1965 - 1969,7,14,1,660.781618225
692,1965 - 1969,7,14,2,724.198211624
693,1965 - 1969,7,15,0,646.363636364
694,1965 - 1969,7,15,1,654.788880814
695,1965 - 1969,7,15,2,746.923362176
696,1965 - 1969,7,16,0,739.0
697,1965 - 1969,7,16,1,655.875404531
698,1965 - 1969,7,16,2,706.719020173
699,1965 - 1969,7,17,0,1258.66666667
700,1965 - 1969,7,17,1,680.856417694
701,1965 - 1969,7,17,2,1041.00179211
702,1965 - 1969,7,18,0,837.25
703,1965 - 1969,7,18,1,770.529821844
704,1965 - 1969,7,18,2,755.945010183
705,1965 - 1969,7,19,0,1016.0
706,1965 - 1969,7,19,1,690.468164794
707,1965 - 1969,7,19,2,811.214285714
708,1965 - 1969,7,20,0,1026.875
709,1965 - 1969,7,20,1,697.731834605
710,1965 - 1969,7,20,2,695.263231198
711,1965 - 1969,7,21,0,359.666666667
712,1965 - 1969,7,21,1,987.108910891
713,1965 - 1969,7,21,2,456.68
714,1965 - 1969,7,22,0,574.5
715,1965 - 1969,7,22,1,671.982589771
716,1965 - 1969,7,22,2,740.981707317
717,1965 - 1969,7,23,0,586.714285714
718,1965 - 1969,7,23,1,778.719219829
719,1965 - 1969,7,23,2,763.586898396
720,1965 - 1969,7,24,0,972.181818182
721,1965 - 1969,7,24,1,729.631611316
722,1965 - 1969,7,24,2,786.60787172
723,1965 - 1969,7,25,0,607.857142857
724,1965 - 1969,7,25,1,781.760224539
725,1965 - 1969,7,25,2,706.195171026
726,1965 - 1969,7,26,0,917.615384615
727,1965 - 1969,7,26,1,712.247876448
728,1965 - 1969,7,26,2,783.82987013
729,1965 - 1969,7,27,0,804.714285714
730,1965 - 1969,7,27,1,698.676406926
731,1965 - 1969,7,27,2,727.021276596
732,1965 - 1969,7,28,0,633.454545455
733,1965 - 1969,7,28,1,708.25721593
734,1965 - 1969,7,28,2,777.745762712
735,1965 - 1969,7,29,0,722.722222222
736,1965 - 1969,7,29,1,686.665337056
737,1965 - 1969,7,29,2,742.6435247
738,1965 - 1969,7,30,0,634.526315789
739,1965 - 1969,7,30,1,683.472266244
740,1965 - 1969,7,30,2,790.180505415
741,1965 - 1969,7,31,0,489.6
742,1965 - 1969,7,31,1,844.187347932
743,1965 - 1969,7,31,2,791.936434109
744,1970 - 1974,8,01,0,570.0
745,1970 - 1974,8,01,1,668.1977085
746,1970 - 1974,8,01,2,1075.12788462
747,1970 - 1974,8,02,0,618.666666667
748,1970 - 1974,8,02,1,608.831442464
749,1970 - 1974,8,02,2,648.8
750,1970 - 1974,8,03,0,744.428571429
751,1970 - 1974,8,03,1,732.516374269
752,1970 - 1974,8,03,2,687.777777778
753,1970 - 1974,8,04,0,1657.0
754,1970 - 1974,8,04,1,682.088520055
755,1970 - 1974,8,04,2,796.012903226
756,1970 - 1974,8,05,0,531.125
757,1970 - 1974,8,05,1,692.232542373
758,1970 - 1974,8,05,2,838.213367609
759,1970 - 1974,8,06,0,519.142857143
760,1970 - 1974,8,06,1,706.111400463
761,1970 - 1974,8,06,2,756.501096491
762,1970 - 1974,8,07,0,333.0
763,1970 - 1974,8,07,1,622.616455696
764,1970 - 1974,8,07,2,634.956521739
765,1970 - 1974,8,08,0,557.5
766,1970 - 1974,8,08,1,646.864705882
767,1970 - 1974,8,08,2,727.116883117
768,1970 - 1974,8,09,0,654.125
769,1970 - 1974,8,09,1,671.366689281
770,1970 - 1974,8,09,2,691.266846361
771,1970 - 1974,8,10,0,1132.92857143
772,1970 - 1974,8,10,1,653.40872772
773,1970 - 1974,8,10,2,1051.52264151
774,1970 - 1974,8,11,0,491.214285714
775,1970 - 1974,8,11,1,876.335171569
776,1970 - 1974,8,11,2,916.662264151
777,1970 - 1974,8,12,0,323.25
778,1970 - 1974,8,12,1,701.996080993
779,1970 - 1974,8,12,2,757.30012004,148
780,1970 - 1974,8,13,0,646.142857143
781,1970 - 1974,8,13,1,647.723914129
782,1970 - 1974,8,13,2,635.361344538
783,1970 - 1974,8,14,0,655.7
784,1970 - 1974,8,14,1,664.316818774
785,1970 - 1974,8,14,2,805.768392371
786,1970 - 1974,8,15,0,559.538461538
787,1970 - 1974,8,15,1,647.288981289
788,1970 - 1974,8,15,2,834.545351474
789,1970 - 1974,8,16,0,649.454545455
790,1970 - 1974,8,16,1,708.403644954
791,1970 - 1974,8,16,2,772.201936376
792,1970 - 1974,8,17,0,499.0
793,1970 - 1974,8,17,1,699.160671463
794,1970 - 1974,8,17,2,836.666666667
795,1970 - 1974,8,18,0,354.0
796,1970 - 1974,8,18,1,701.50132626
797,1970 - 1974,8,18,2,759.802734375
798,1970 - 1974,8,19,0,648.384615385
799,1970 - 1974,8,19,1,684.862725451
800,1970 - 1974,8,19,2,773.391634981
801,1970 - 1974,8,20,0,451.375
802,1970 - 1974,8,20,1,644.032302883
803,1970 - 1974,8,20,2,721.477961433
804,1970 - 1974,8,21,0,736.0
805,1970 - 1974,8,21,1,1537.04057971
806,1970 - 1974,8,21,2,1009.43396226
807,1970 - 1974,8,22,0,565.6
808,1970 - 1974,8,22,1,675.728638498
809,1970 - 1974,8,22,2,729.969879518
810,1970 - 1974,8,23,0,487.2
811,1970 - 1974,8,23,1,712.695203198
812,1970 - 1974,8,23,2,778.225981055
813,1970 - 1974,8,24,0,965.285714286
814,1970 - 1974,8,24,1,717.157866379
815,1970 - 1974,8,24,2,800.640699523
816,1970 - 1974,8,25,0,671.777777778
817,1970 - 1974,8,25,1,725.387835186
818,1970 - 1974,8,25,2,713.872767857
819,1970 - 1974,8,26,0,460.181818182
820,1970 - 1974,8,26,1,725.234813847
821,1970 - 1974,8,26,2,842.040993789
822,1970 - 1974,8,27,0,609.692307692
823,1970 - 1974,8,27,1,686.124535316
824,1970 - 1974,8,27,2,802.779620853
825,1970 - 1974,8,28,0,577.315789474
826,1970 - 1974,8,28,1,708.629171817
827,1970 - 1974,8,28,2,754.081395349
828,1970 - 1974,8,29,0,502.666666667
829,1970 - 1974,8,29,1,710.213483146
830,1970 - 1974,8,29,2,756.069012179
831,1970 - 1974,8,30,0,524.142857143
832,1970 - 1974,8,30,1,667.671035387
833,1970 - 1974,8,30,2,737.824468085
834,1970 - 1974,8,31,0,452.909090909
835,1970 - 1974,8,31,1,752.436264822
836,1970 - 1974,8,31,2,1372.74892396
837,1975 - 1979,9,01,0,703.804878049
838,1975 - 1979,9,01,1,691.061474406
839,1975 - 1979,9,01,2,723.374263261
840,1975 - 1979,9,02,0,542.4
841,1975 - 1979,9,02,1,528.536
842,1975 - 1979,9,02,2,796.295238095
843,1975 - 1979,9,03,0,373.238095238
844,1975 - 1979,9,03,1,646.01144641
845,1975 - 1979,9,03,2,786.910583942
846,1975 - 1979,9,04,0,497.818181818
847,1975 - 1979,9,04,1,653.268348624
848,1975 - 1979,9,04,2,762.731958763
849,1975 - 1979,9,05,0,455.621621622
850,1975 - 1979,9,05,1,634.643678161
851,1975 - 1979,9,05,2,672.886559803
852,1975 - 1979,9,06,0,638.0
853,1975 - 1979,9,06,1,791.061986755
854,1975 - 1979,9,06,2,738.695652174
855,1975 - 1979,9,07,0,466.5
856,1975 - 1979,9,07,1,588.912350598
857,1975 - 1979,9,07,2,528.874213836
858,1975 - 1979,9,08,0,620.862068966
859,1975 - 1979,9,08,1,641.724031008
860,1975 - 1979,9,08,2,794.87477314
861,1975 - 1979,9,09,0,472.0
862,1975 - 1979,9,09,1,647.547752809
863,1975 - 1979,9,09,2,709.278940028
864,1975 - 1979,9,10,0,394.722222222
865,1975 - 1979,9,10,1,640.708053691
866,1975 - 1979,9,10,2,782.869565217
867,1975 - 1979,9,11,0,527.25
868,1975 - 1979,9,11,1,1227.25758443
869,1975 - 1979,9,11,2,1280.76709797
870,1975 - 1979,9,12,0,614.71875
871,1975 - 1979,9,12,1,667.814260563
872,1975 - 1979,9,12,2,753.950372208
873,1975 - 1979,9,13,0,513.647058824
874,1975 - 1979,9,13,1,717.521088435
875,1975 - 1979,9,13,2,604.400862069
876,1975 - 1979,9,14,0,538.03030303
877,1975 - 1979,9,14,1,624.104724646
878,1975 - 1979,9,14,2,691.490437158
879,1975 - 1979,9,15,0,420.96969697
880,1975 - 1979,9,15,1,634.894583884
881,1975 - 1979,9,15,2,783.439106145
882,1975 - 1979,9,16,0,572.918918919
883,1975 - 1979,9,16,1,642.020643594
884,1975 - 1979,9,16,2,790.088235294
885,1975 - 1979,9,17,0,737.764705882
886,1975 - 1979,9,17,1,692.327668614
887,1975 - 1979,9,17,2,826.586690018
888,1975 - 1979,9,18,0,547.2
889,1975 - 1979,9,18,1,646.827858881
890,1975 - 1979,9,18,2,812.421455939
891,1975 - 1979,9,19,0,612.606060606
892,1975 - 1979,9,19,1,659.334379458
893,1975 - 1979,9,19,2,681.51995439
894,1975 - 1979,9,20,0,486.590909091
895,1975 - 1979,9,20,1,634.277946537
896,1975 - 1979,9,20,2,706.161417323
897,1975 - 1979,9,21,0,0.0
898,1975 - 1979,9,21,1,644.407738095
899,1975 - 1979,9,21,2,947.139534884
900,1975 - 1979,9,22,0,565.04
901,1975 - 1979,9,22,1,664.352090032
902,1975 - 1979,9,22,2,681.834008097
903,1975 - 1979,9,23,0,1418.48484848
904,1975 - 1979,9,23,1,670.146640091
905,1975 - 1979,9,23,2,1115.27791563
906,1975 - 1979,9,24,0,399.458333333
907,1975 - 1979,9,24,1,705.469517743
908,1975 - 1979,9,24,2,819.557122708
909,1975 - 1979,9,25,0,992.470588235
910,1975 - 1979,9,25,1,654.90248227
911,1975 - 1979,9,25,2,690.337614679
912,1975 - 1979,9,26,0,585.511627907
913,1975 - 1979,9,26,1,661.555981385
914,1975 - 1979,9,26,2,744.102247191
915,1975 - 1979,9,27,0,1021.125
916,1975 - 1979,9,27,1,748.472412847
917,1975 - 1979,9,27,2,854.0
918,1975 - 1979,9,28,0,1185.11111111
919,1975 - 1979,9,28,1,676.712010444
920,1975 - 1979,9,28,2,734.813063063
921,1975 - 1979,9,29,0,697.642857143
922,1975 - 1979,9,29,1,654.818312285
923,1975 - 1979,9,29,2,791.236938032
924,1975 - 1979,9,30,0,689.666666667
925,1975 - 1979,9,30,1,653.398702235
926,1975 - 1979,9,30,2,678.5830721
927,1975 - 1979,9,31,0,583.678571429
928,1975 - 1979,9,31,1,733.114298323
929,1975 - 1979,9,31,2,829.963827305
930,1980 - 1984,10,01,0,673.209302326
931,1980 - 1984,10,01,1,1307.1643514
932,1980 - 1984,10,01,2,730.216122307
933,1980 - 1984,10,02,0,381.7
934,1980 - 1984,10,02,1,698.789163722
935,1980 - 1984,10,02,2,515.405882353
936,1980 - 1984,10,03,0,784.333333333
937,1980 - 1984,10,03,1,644.025938567
938,1980 - 1984,10,03,2,1464.9
939,1980 - 1984,10,04,0,653.84
940,1980 - 1984,10,04,1,636.348268839
941,1980 - 1984,10,04,2,715.020618557
942,1980 - 1984,10,05,0,552.868421053
943,1980 - 1984,10,05,1,635.950908198
944,1980 - 1984,10,05,2,801.169708029
945,1980 - 1984,10,06,0,670.487179487
946,1980 - 1984,10,06,1,635.311083123
947,1980 - 1984,10,06,2,721.396997498
948,1980 - 1984,10,07,0,1223.8
949,1980 - 1984,10,07,1,569.619675456
950,1980 - 1984,10,07,2,584.234741784
951,1980 - 1984,10,08,0,834.259259259
952,1980 - 1984,10,08,1,613.255771567
953,1980 - 1984,10,08,2,682.866748166
954,1980 - 1984,10,09,0,635.4
955,1980 - 1984,10,09,1,750.546785803
956,1980 - 1984,10,09,2,1586.07821782
957,1980 - 1984,10,10,0,636.71875
958,1980 - 1984,10,10,1,666.825444907
959,1980 - 1984,10,10,2,713.565064478
960,1980 - 1984,10,11,0,866.0
961,1980 - 1984,10,11,1,693.539565697
962,1980 - 1984,10,11,2,1718.71900826
963,1980 - 1984,10,12,0,888.84
964,1980 - 1984,10,12,1,638.026956107
965,1980 - 1984,10,12,2,844.040946315
966,1980 - 1984,10,13,0,718.102564103
967,1980 - 1984,10,13,1,627.773881932
968,1980 - 1984,10,13,2,640.725225225
969,1980 - 1984,10,14,0,495.161290323
970,1980 - 1984,10,14,1,604.128481161
971,1980 - 1984,10,14,2,662.033976125
972,1980 - 1984,10,15,0,585.632653061
973,1980 - 1984,10,15,1,619.279286927
974,1980 - 1984,10,15,2,980.330946698
975,1980 - 1984,10,16,0,614.760869565
976,1980 - 1984,10,16,1,622.863430883
977,1980 - 1984,10,16,2,690.94
978,1980 - 1984,10,17,0,888.372093023
979,1980 - 1984,10,17,1,677.869124112
980,1980 - 1984,10,17,2,717.511511512
981,1980 - 1984,10,18,0,803.384615385
982,1980 - 1984,10,18,1,690.249703205
983,1980 - 1984,10,18,2,692.328800989
984,1980 - 1984,10,19,0,651.176470588
985,1980 - 1984,10,19,1,652.915341545
986,1980 - 1984,10,19,2,735.48415922
987,1980 - 1984,10,20,0,772.666666667
988,1980 - 1984,10,20,1,607.883743367
989,1980 - 1984,10,20,2,668.047706422
990,1980 - 1984,10,21,0,425.714285714
991,1980 - 1984,10,21,1,549.463576159
992,1980 - 1984,10,21,2,483.333333333
993,1980 - 1984,10,22,0,728.342105263
994,1980 - 1984,10,22,1,654.782273008
995,1980 - 1984,10,22,2,685.256313131
996,1980 - 1984,10,23,0,728.638297872
997,1980 - 1984,10,23,1,726.361986845
998,1980 - 1984,10,23,2,703.502287283
999,1980 - 1984,10,24,0,699.85
1000,1980 - 1984,10,24,1,765.339077103
1001,1980 - 1984,10,24,2,1045.75958188
1002,1980 - 1984,10,25,0,806.052631579
1003,1980 - 1984,10,25,1,677.814686659
1004,1980 - 1984,10,25,2,741.764439411
1005,1980 - 1984,10,26,0,740.133333333
1006,1980 - 1984,10,26,1,698.122729287
1007,1980 - 1984,10,26,2,741.023238381
1008,1980 - 1984,10,27,0,792.514285714
1009,1980 - 1984,10,27,1,655.883086681
1010,1980 - 1984,10,27,2,747.762633997
1011,1980 - 1984,10,28,0,470.028571429
1012,1980 - 1984,10,28,1,660.743223671
1013,1980 - 1984,10,28,2,901.807633588
1014,1980 - 1984,10,29,0,759.0
1015,1980 - 1984,10,29,1,641.927196282
1016,1980 - 1984,10,29,2,737.968775678
1017,1980 - 1984,10,30,0,626.882352941
1018,1980 - 1984,10,30,1,690.713233426
1019,1980 - 1984,10,30,2,697.217391304
1020,1980 - 1984,10,31,0,755.744186047
1021,1980 - 1984,10,31,1,820.043305972
1022,1980 - 1984,10,31,2,853.318076028
1023,1985 - 1989,11,01,0,675.88
1024,1985 - 1989,11,01,1,667.465765004
1025,1985 - 1989,11,01,2,787.369959677
1026,1985 - 1989,11,02,0,484.555555556
1027,1985 - 1989,11,02,1,595.721172023
1028,1985 - 1989,11,02,2,842.854166667
1029,1985 - 1989,11,03,0,720.24
1030,1985 - 1989,11,03,1,1000.96986033
1031,1985 - 1989,11,03,2,817.112041211
1032,1985 - 1989,11,04,0,778.28
1033,1985 - 1989,11,04,1,660.56698762
1034,1985 - 1989,11,04,2,897.978427279
1035,1985 - 1989,11,05,0,830.269230769
1036,1985 - 1989,11,05,1,626.333402232
1037,1985 - 1989,11,05,2,835.679586563
1038,1985 - 1989,11,06,0,621.481481481
1039,1985 - 1989,11,06,1,631.554599247
1040,1985 - 1989,11,06,2,717.806010929
1041,1985 - 1989,11,07,0,639.363636364
1042,1985 - 1989,11,07,1,602.090505768
1043,1985 - 1989,11,07,2,636.291666667
1044,1985 - 1989,11,08,0,522.235294118
1045,1985 - 1989,11,08,1,606.427301901
1046,1985 - 1989,11,08,2,737.601973684
1047,1985 - 1989,11,09,0,1089.23684211
1048,1985 - 1989,11,09,1,719.479697033
1049,1985 - 1989,11,09,2,694.629458388
1050,1985 - 1989,11,10,0,766.607142857
1051,1985 - 1989,11,10,1,706.394413408
1052,1985 - 1989,11,10,2,707.807030666
1053,1985 - 1989,11,11,0,876.52
1054,1985 - 1989,11,11,1,756.249659679
1055,1985 - 1989,11,11,2,813.101552393
1056,1985 - 1989,11,12,0,854.36
1057,1985 - 1989,11,12,1,773.252730777
1058,1985 - 1989,11,12,2,1015.11424984
1059,1985 - 1989,11,13,0,630.291666667
1060,1985 - 1989,11,13,1,587.292080795
1061,1985 - 1989,11,13,2,711.178992497
1062,1985 - 1989,11,14,0,597.307692308
1063,1985 - 1989,11,14,1,643.778149853
1064,1985 - 1989,11,14,2,680.195307108
1065,1985 - 1989,11,15,0,804.613636364
1066,1985 - 1989,11,15,1,630.165111407
1067,1985 - 1989,11,15,2,711.810406699
1068,1985 - 1989,11,16,0,890.7
1069,1985 - 1989,11,16,1,779.17970582
1070,1985 - 1989,11,16,2,656.651504549
1071,1985 - 1989,11,17,0,872.64516129
1072,1985 - 1989,11,17,1,814.640458015
1073,1985 - 1989,11,17,2,768.897617514
1074,1985 - 1989,11,18,0,755.606060606
1075,1985 - 1989,11,18,1,710.860361613
1076,1985 - 1989,11,18,2,813.021674141
1077,1985 - 1989,11,19,0,911.065217391
1078,1985 - 1989,11,19,1,664.048267808
1079,1985 - 1989,11,19,2,785.641367323
1080,1985 - 1989,11,20,0,607.138888889
1081,1985 - 1989,11,20,1,584.980789093
1082,1985 - 1989,11,20,2,694.050209205
1083,1985 - 1989,11,21,0,460.0
1084,1985 - 1989,11,21,1,553.056838366
1085,1985 - 1989,11,21,2,568.966101695
1086,1985 - 1989,11,22,0,672.636363636
1087,1985 - 1989,11,22,1,636.014352818
1088,1985 - 1989,11,22,2,750.05840708
1089,1985 - 1989,11,23,0,838.880952381
1090,1985 - 1989,11,23,1,663.695156695
1091,1985 - 1989,11,23,2,1249.8980344
1092,1985 - 1989,11,24,0,1219.7826087
1093,1985 - 1989,11,24,1,769.962057878
1094,1985 - 1989,11,24,2,862.409967846
1095,1985 - 1989,11,25,0,755.642857143
1096,1985 - 1989,11,25,1,684.977069351
1097,1985 - 1989,11,25,2,698.927338129
1098,1985 - 1989,11,26,0,987.486486486
1099,1985 - 1989,11,26,1,656.175301764
1100,1985 - 1989,11,26,2,801.209474886
1101,1985 - 1989,11,27,0,807.338461538
1102,1985 - 1989,11,27,1,685.35448499
1103,1985 - 1989,11,27,2,721.807736064
1104,1985 - 1989,11,28,0,758.121212121
1105,1985 - 1989,11,28,1,658.318111852
1106,1985 - 1989,11,28,2,747.47700831
1107,1985 - 1989,11,29,0,1407.16
1108,1985 - 1989,11,29,1,853.644504505
1109,1985 - 1989,11,29,2,877.767846058
1110,1985 - 1989,11,30,0,798.184210526
1111,1985 - 1989,11,30,1,630.237804878
1112,1985 - 1989,11,30,2,775.881846154
1113,1985 - 1989,11,31,0,1061.22222222
1114,1985 - 1989,11,31,1,911.581089289
1115,1985 - 1989,11,31,2,1093.87427552
1116,1990 - 1994,12,01,0,944.272727273
1117,1990 - 1994,12,01,1,723.179347826
1118,1990 - 1994,12,01,2,740.227906977
1119,1990 - 1994,12,02,0,826.25
1120,1990 - 1994,12,02,1,1461.56550952
1121,1990 - 1994,12,02,2,547.329608939
1122,1990 - 1994,12,03,0,668.954545455
1123,1990 - 1994,12,03,1,702.811326124
1124,1990 - 1994,12,03,2,751.169430425
1125,1990 - 1994,12,04,0,858.111111111
1126,1990 - 1994,12,04,1,678.569235589
1127,1990 - 1994,12,04,2,746.053398058
1128,1990 - 1994,12,05,0,560.15
1129,1990 - 1994,12,05,1,647.423416407
1130,1990 - 1994,12,05,2,745.612998523
1131,1990 - 1994,12,06,0,508.3125
1132,1990 - 1994,12,06,1,662.877943841
1133,1990 - 1994,12,06,2,712.104111406
1134,1990 - 1994,12,07,0,481.4
1135,1990 - 1994,12,07,1,523.895439377
1136,1990 - 1994,12,07,2,579.915662651
1137,1990 - 1994,12,08,0,638.576923077
1138,1990 - 1994,12,08,1,620.143319314
1139,1990 - 1994,12,08,2,742.005030181
1140,1990 - 1994,12,09,0,541.904761905
1141,1990 - 1994,12,09,1,629.034792063
1142,1990 - 1994,12,09,2,693.773387097
1143,1990 - 1994,12,10,0,487.75
1144,1990 - 1994,12,10,1,726.889808917
1145,1990 - 1994,12,10,2,729.27014218
1146,1990 - 1994,12,11,0,1881.46666667
1147,1990 - 1994,12,11,1,857.535231944
1148,1990 - 1994,12,11,2,908.532423208
1149,1990 - 1994,12,12,0,1095.5862069
1150,1990 - 1994,12,12,1,628.964686998
1151,1990 - 1994,12,12,2,744.701587302
1152,1990 - 1994,12,13,0,1653.72222222
1153,1990 - 1994,12,13,1,607.975299112
1154,1990 - 1994,12,13,2,794.329472329
1155,1990 - 1994,12,14,0,800.617647059
1156,1990 - 1994,12,14,1,661.417027027
1157,1990 - 1994,12,14,2,707.614754098
1158,1990 - 1994,12,15,0,879.611111111
1159,1990 - 1994,12,15,1,647.328051498
1160,1990 - 1994,12,15,2,914.68238762
1161,1990 - 1994,12,16,0,1251.40740741
1162,1990 - 1994,12,16,1,618.095145631
1163,1990 - 1994,12,16,2,696.991610738
1164,1990 - 1994,12,17,0,1169.88888889
1165,1990 - 1994,12,17,1,735.804041641
1166,1990 - 1994,12,17,2,878.245915033
1167,1990 - 1994,12,18,0,1612.54545455
1168,1990 - 1994,12,18,1,704.878205128
1169,1990 - 1994,12,18,2,792.569179785
1170,1990 - 1994,12,19,0,1255.19047619
1171,1990 - 1994,12,19,1,644.554942418
1172,1990 - 1994,12,19,2,734.795409836
1173,1990 - 1994,12,20,0,1783.9130435
1174,1990 - 1994,12,20,1,721.028272251
1175,1990 - 1994,12,20,2,689.828640386
1176,1990 - 1994,12,21,0,503.0
1177,1990 - 1994,12,21,1,501.718905473
1178,1990 - 1994,12,21,2,517.41
1179,1990 - 1994,12,22,0,607.142857143
1180,1990 - 1994,12,22,1,725.86625846
1181,1990 - 1994,12,22,2,733.734631148
1182,1990 - 1994,12,23,0,769.580645161
1183,1990 - 1994,12,23,1,660.716866057
1184,1990 - 1994,12,23,2,827.635144199
1185,1990 - 1994,12,24,0,793.25
1186,1990 - 1994,12,24,1,769.397117883
1187,1990 - 1994,12,24,2,1000.85547104
1188,1990 - 1994,12,25,0,870.0
1189,1990 - 1994,12,25,1,723.172361657
1190,1990 - 1994,12,25,2,741.157228018
1191,1990 - 1994,12,26,0,1193.85714286
1192,1990 - 1994,12,26,1,699.642528736
1193,1990 - 1994,12,26,2,856.242866622
1194,1990 - 1994,12,27,0,1053.53846154
1195,1990 - 1994,12,27,1,611.398411648
1196,1990 - 1994,12,27,2,721.259723965
1197,1990 - 1994,12,28,0,703.722222222
1198,1990 - 1994,12,28,1,637.893087162
1199,1990 - 1994,12,28,2,748.380273321
1200,1990 - 1994,12,29,0,1173.28
1201,1990 - 1994,12,29,1,680.805406665
1202,1990 - 1994,12,29,2,746.04735376
1203,1990 - 1994,12,30,0,842.5625
1204,1990 - 1994,12,30,1,658.08451417
1205,1990 - 1994,12,30,2,791.918687589
1206,1990 - 1994,12,31,0,1253.92307692
1207,1990 - 1994,12,31,1,814.67521994,121
1208,1990 - 1994,12,31,2,1010.35813953
1209,1995 - 1999,13,01,0,662.846153846
1210,1995 - 1999,13,01,1,833.259044863
1211,1995 - 1999,13,01,2,749.662004,14662
1212,1995 - 1999,13,02,0,380.0
1213,1995 - 1999,13,02,1,1073.03488372
1214,1995 - 1999,13,02,2,547.509433962
1215,1995 - 1999,13,03,0,747.111111111
1216,1995 - 1999,13,03,1,685.660978385
1217,1995 - 1999,13,03,2,817.081325301
1218,1995 - 1999,13,04,0,496.0
1219,1995 - 1999,13,04,1,700.122555411
1220,1995 - 1999,13,04,2,753.721991701
1221,1995 - 1999,13,05,0,564.75
1222,1995 - 1999,13,05,1,619.172932331
1223,1995 - 1999,13,05,2,705.076433121
1224,1995 - 1999,13,06,0,728.833333333
1225,1995 - 1999,13,06,1,584.604541895
1226,1995 - 1999,13,06,2,709.229213483
1227,1995 - 1999,13,07,0,0.0
1228,1995 - 1999,13,07,1,770.396475771
1229,1995 - 1999,13,07,2,633.59375
1230,1995 - 1999,13,08,0,395.111111111
1231,1995 - 1999,13,08,1,538.998886414
1232,1995 - 1999,13,08,2,710.891608392
1233,1995 - 1999,13,09,0,424.25
1234,1995 - 1999,13,09,1,884.892661555
1235,1995 - 1999,13,09,2,738.312138728
1236,1995 - 1999,13,10,0,346.5
1237,1995 - 1999,13,10,1,764.80137931
1238,1995 - 1999,13,10,2,1336.3180212
1239,1995 - 1999,13,11,0,729.0
1240,1995 - 1999,13,11,1,1730.23580786
1241,1995 - 1999,13,11,2,1047.0112782
1242,1995 - 1999,13,12,0,652.181818182
1243,1995 - 1999,13,12,1,643.114473684
1244,1995 - 1999,13,12,2,755.642633229
1245,1995 - 1999,13,13,0,504.0
1246,1995 - 1999,13,13,1,715.626394052
1247,1995 - 1999,13,13,2,762.390243902
1248,1995 - 1999,13,14,0,1180.125
1249,1995 - 1999,13,14,1,633.161157025
1250,1995 - 1999,13,14,2,817.295620438
1251,1995 - 1999,13,15,0,621.25
1252,1995 - 1999,13,15,1,631.761111111
1253,1995 - 1999,13,15,2,1671.63461538
1254,1995 - 1999,13,16,0,990.818181818
1255,1995 - 1999,13,16,1,996.0
1256,1995 - 1999,13,16,2,730.400662252
1257,1995 - 1999,13,17,0,1052.375
1258,1995 - 1999,13,17,1,769.250434783
1259,1995 - 1999,13,17,2,785.328519856
1260,1995 - 1999,13,18,0,598.666666667
1261,1995 - 1999,13,18,1,681.366987179
1262,1995 - 1999,13,18,2,1002.65350877
1263,1995 - 1999,13,19,0,953.8
1264,1995 - 1999,13,19,1,585.057874763
1265,1995 - 1999,13,19,2,1033.20882353
1266,1995 - 1999,13,20,0,711.833333333
1267,1995 - 1999,13,20,1,544.4906639
1268,1995 - 1999,13,20,2,647.858381503
1269,1995 - 1999,13,21,0,1342.0
1270,1995 - 1999,13,21,1,627.628571429
1271,1995 - 1999,13,21,2,1827.8125
1272,1995 - 1999,13,22,0,1390.2
1273,1995 - 1999,13,22,1,623.050480769
1274,1995 - 1999,13,22,2,731.15916955
1275,1995 - 1999,13,23,0,889.818181818
1276,1995 - 1999,13,23,1,675.666666667
1277,1995 - 1999,13,23,2,700.07079646
1278,1995 - 1999,13,24,0,1664.08333333
1279,1995 - 1999,13,24,1,853.078974359
1280,1995 - 1999,13,24,2,841.847025496
1281,1995 - 1999,13,25,0,774.333333333
1282,1995 - 1999,13,25,1,745.021024967
1283,1995 - 1999,13,25,2,940.418118467
1284,1995 - 1999,13,26,0,1321.1
1285,1995 - 1999,13,26,1,679.715167549
1286,1995 - 1999,13,26,2,1275.51458886
1287,1995 - 1999,13,27,0,932.461538462
1288,1995 - 1999,13,27,1,583.723063224
1289,1995 - 1999,13,27,2,844.023980815
1290,1995 - 1999,13,28,0,1751.8571429
1291,1995 - 1999,13,28,1,636.653149267
1292,1995 - 1999,13,28,2,725.984018265
1293,1995 - 1999,13,29,0,835.0
1294,1995 - 1999,13,29,1,626.02502157
1295,1995 - 1999,13,29,2,657.865951743
1296,1995 - 1999,13,30,0,720.5
1297,1995 - 1999,13,30,1,649.879638917
1298,1995 - 1999,13,30,2,745.076246334
1299,1995 - 1999,13,31,0,2078.25
1300,1995 - 1999,13,31,1,848.52605703
1301,1995 - 1999,13,31,2,1119.4762931
1302,2000 - 2004,14,01,0,742.0
1303,2000 - 2004,14,01,1,723.627118644
1304,2000 - 2004,14,01,2,1168.07894737
1305,2000 - 2004,14,02,0,0.0
1306,2000 - 2004,14,02,1,549.7
1307,2000 - 2004,14,02,2,975.0
1308,2000 - 2004,14,03,0,474.0
1309,2000 - 2004,14,03,1,718.444444444
1310,2000 - 2004,14,03,2,837.428571429
1311,2000 - 2004,14,04,0,0.0
1312,2000 - 2004,14,04,1,1373.953125
1313,2000 - 2004,14,04,2,393.625
1314,2000 - 2004,14,05,0,731.0
1315,2000 - 2004,14,05,1,516.569767442
1316,2000 - 2004,14,05,2,455.647058824
1317,2000 - 2004,14,06,0,817.5
1318,2000 - 2004,14,06,1,626.706521739
1319,2000 - 2004,14,06,2,354.785714286
1320,2000 - 2004,14,07,0,876.0
1321,2000 - 2004,14,07,1,529.47826087
1322,2000 - 2004,14,07,2,320.0
1323,2000 - 2004,14,08,0,796.5
1324,2000 - 2004,14,08,1,616.365079365
1325,2000 - 2004,14,08,2,501.090909091
1326,2000 - 2004,14,09,0,640.0
1327,2000 - 2004,14,09,1,719.504672897
1328,2000 - 2004,14,09,2,431.666666667
1329,2000 - 2004,14,10,0,0.0
1330,2000 - 2004,14,10,1,718.1125
1331,2000 - 2004,14,10,2,772.1
1332,2000 - 2004,14,11,0,213.0
1333,2000 - 2004,14,11,1,845.291139241
1334,2000 - 2004,14,11,2,1231.59090909
1335,2000 - 2004,14,12,0,1530.0
1336,2000 - 2004,14,12,1,604.795454545
1337,2000 - 2004,14,12,2,785.75
1338,2000 - 2004,14,13,0,583.5
1339,2000 - 2004,14,13,1,693.440677966
1340,2000 - 2004,14,13,2,620.583333333
1341,2000 - 2004,14,14,0,977.333333333
1342,2000 - 2004,14,14,1,562.844444444
1343,2000 - 2004,14,14,2,416.3
1344,2000 - 2004,14,15,0,849.0
1345,2000 - 2004,14,15,1,609.9
1346,2000 - 2004,14,15,2,371.5
1347,2000 - 2004,14,16,0,935.0
1348,2000 - 2004,14,16,1,597.0
1349,2000 - 2004,14,16,2,578.5
1350,2000 - 2004,14,17,0,0.0
1351,2000 - 2004,14,17,1,750.6
1352,2000 - 2004,14,17,2,945.6
1353,2000 - 2004,14,18,0,0.0
1354,2000 - 2004,14,18,1,774.7
1355,2000 - 2004,14,18,2,847.5
1356,2000 - 2004,14,19,0,0.0
1357,2000 - 2004,14,19,1,642.3
1358,2000 - 2004,14,19,2,702.3
1359,2000 - 2004,14,20,0,303.5
1360,2000 - 2004,14,20,1,616.9
1361,2000 - 2004,14,20,2,552.0
1362,2000 - 2004,14,21,0,0.0
1363,2000 - 2004,14,21,1,1291.0
1364,2000 - 2004,14,21,2,309.0
1365,2000 - 2004,14,22,0,0.0
1366,2000 - 2004,14,22,1,683.5
1367,2000 - 2004,14,22,2,635.3
1368,2000 - 2004,14,23,0,1874.0
1369,2000 - 2004,14,23,1,578.6
1370,2000 - 2004,14,23,2,610.0
1371,2000 - 2004,14,24,0,588.5
1372,2000 - 2004,14,24,1,816.9
1373,2000 - 2004,14,24,2,501.2
1374,2000 - 2004,14,25,0,1129.0
1375,2000 - 2004,14,25,1,695.5
1376,2000 - 2004,14,25,2,903.5
1377,2000 - 2004,14,26,0,935.7
1378,2000 - 2004,14,26,1,933.6
1379,2000 - 2004,14,26,2,878.4
1380,2000 - 2004,14,27,0,915.0
1381,2000 - 2004,14,27,1,789.5
1382,2000 - 2004,14,27,2,1123.7
1383,2000 - 2004,14,28,0,543.5
1384,2000 - 2004,14,28,1,622.3
1385,2000 - 2004,14,28,2,574.5
1386,2000 - 2004,14,29,0,0.0
1387,2000 - 2004,14,29,1,814.9
1388,2000 - 2004,14,29,2,1228.0
1389,2000 - 2004,14,30,0,612.5
1390,2000 - 2004,14,30,1,705.1
1391,2000 - 2004,14,30,2,168.3
1392,2000 - 2004,14,31,0,395.0
1393,2000 - 2004,14,31,1,954.1
1394,2000 - 2004,14,31,2,1282.7
